FREQ;Frequency;TENOR;Tenor;INSTRUMENT_TYPE;Instrument Type;DECIMALS;Decimals;TIME_PERIOD;OBS_VALUE
B;Business;3Y;3 years;GBON;Government bonds;3;Three;2023-01-02;2.958
B;Business;3Y;3 years;GBON;Government bonds;3;Three;2023-01-03;2.947
B;Business;3Y;3 years;GBON;Government bonds;3;Three;2023-01-04;3.013
B;Business;3Y;3 years;GBON;Government bonds;3;Three;2023-01-05;3.114
B;Business;3Y;3 years;GBON;Government bonds;3;Three;2023-01-06;3.133
B;Business;3Y;3 years;GBON;Government bonds;3;Three;2023-01-09;3.083
B;Business;3Y;3 years;GBON;Government bonds;3;Three;2023-01-10;3.023
B;Business;3Y;3 years;GBON;Government bonds;3;Three;2023-01-11;2.966
B;Business;3Y;3 years;GBON;Government bonds;3;Three;2023-01-12;2.906
B;Business;3Y;3 years;GBON;Government bonds;3;Three;2023-01-13;2.899
B;Business;3Y;3 years;GBON;Government bonds;3;Three;2023-01-16;2.926
B;Business;3Y;3 years;GBON;Government bonds;3;Three;2023-01-17;2.88
B;Business;3Y;3 years;GBON;Government bonds;3;Three;2023-01-18;2.763
B;Business;3Y;3 years;GBON;Government bonds;3;Three;2023-01-19;2.763
B;Business;3Y;3 years;GBON;Government bonds;3;Three;2023-01-20;2.812
B;Business;3Y;3 years;GBON;Government bonds;3;Three;2023-01-23;2.797
B;Business;3Y;3 years;GBON;Government bonds;3;Three;2023-01-24;2.828
B;Business;3Y;3 years;GBON;Government bonds;3;Three;2023-01-25;2.783
B;Business;3Y;3 years;GBON;Government bonds;3;Three;2023-01-26;2.854
B;Business;3Y;3 years;GBON;Government bonds;3;Three;2023-01-27;2.9
B;Business;3Y;3 years;GBON;Government bonds;3;Three;2023-01-30;2.969
B;Business;3Y;3 years;GBON;Government bonds;3;Three;2023-01-31;2.928
B;Business;3Y;3 years;GBON;Government bonds;3;Three;2023-02-01;2.868
B;Business;3Y;3 years;GBON;Government bonds;3;Three;2023-02-02;2.733
B;Business;3Y;3 years;GBON;Government bonds;3;Three;2023-02-03;2.814
B;Business;3Y;3 years;GBON;Government bonds;3;Three;2023-02-06;2.917
B;Business;3Y;3 years;GBON;Government bonds;3;Three;2023-02-07;2.924
B;Business;3Y;3 years;GBON;Government bonds;3;Three;2023-02-08;2.954
B;Business;3Y;3 years;GBON;Government bonds;3;Three;2023-02-09;2.937
B;Business;3Y;3 years;GBON;Government bonds;3;Three;2023-02-10;3.141
B;Business;3Y;3 years;GBON;Government bonds;3;Three;2023-02-13;3.196
B;Business;3Y;3 years;GBON;Government bonds;3;Three;2023-02-14;3.197
B;Business;3Y;3 years;GBON;Government bonds;3;Three;2023-02-15;3.259
B;Business;3Y;3 years;GBON;Government bonds;3;Three;2023-02-16;3.264
B;Business;3Y;3 years;GBON;Government bonds;3;Three;2023-02-17;3.295
B;Business;3Y;3 years;GBON;Government bonds;3;Three;2023-02-20;3.322
B;Business;3Y;3 years;GBON;Government bonds;3;Three;2023-02-21;3.485
B;Business;3Y;3 years;GBON;Government bonds;3;Three;2023-02-22;3.474
B;Business;3Y;3 years;GBON;Government bonds;3;Three;2023-02-23;3.452
B;Business;3Y;3 years;GBON;Government bonds;3;Three;2023-02-24;3.595
B;Business;3Y;3 years;GBON;Government bonds;3;Three;2023-02-27;3.56
B;Business;3Y;3 years;GBON;Government bonds;3;Three;2023-02-28;3.58
B;Business;3Y;3 years;GBON;Government bonds;3;Three;2023-03-01;3.524
B;Business;3Y;3 years;GBON;Government bonds;3;Three;2023-03-02;3.466
B;Business;3Y;3 years;GBON;Government bonds;3;Three;2023-03-03;3.381
B;Business;3Y;3 years;GBON;Government bonds;3;Three;2023-03-06;3.37
B;Business;3Y;3 years;GBON;Government bonds;3;Three;2023-03-07;3.336
B;Business;3Y;3 years;GBON;Government bonds;3;Three;2023-03-08;3.375
B;Business;3Y;3 years;GBON;Government bonds;3;Three;2023-03-09;3.431
B;Business;3Y;3 years;GBON;Government bonds;3;Three;2023-03-10;3.198
B;Business;3Y;3 years;GBON;Government bonds;3;Three;2023-03-13;2.941
B;Business;3Y;3 years;GBON;Government bonds;3;Three;2023-03-14;3.106
B;Business;3Y;3 years;GBON;Government bonds;3;Three;2023-03-15;2.878
B;Business;3Y;3 years;GBON;Government bonds;3;Three;2023-03-16;2.821
B;Business;3Y;3 years;GBON;Government bonds;3;Three;2023-03-17;2.831
B;Business;3Y;3 years;GBON;Government bonds;3;Three;2023-03-20;2.829
B;Business;3Y;3 years;GBON;Government bonds;3;Three;2023-03-21;2.884
B;Business;3Y;3 years;GBON;Government bonds;3;Three;2023-03-22;2.964
B;Business;3Y;3 years;GBON;Government bonds;3;Three;2023-03-23;2.941
B;Business;3Y;3 years;GBON;Government bonds;3;Three;2023-03-24;2.858
B;Business;3Y;3 years;GBON;Government bonds;3;Three;2023-03-27;2.914
B;Business;3Y;3 years;GBON;Government bonds;3;Three;2023-03-28;2.927
B;Business;3Y;3 years;GBON;Government bonds;3;Three;2023-03-29;2.941
B;Business;3Y;3 years;GBON;Government bonds;3;Three;2023-03-30;3.017
B;Business;3Y;3 years;GBON;Government bonds;3;Three;2023-03-31;2.969
B;Business;3Y;3 years;GBON;Government bonds;3;Three;2023-04-03;2.933
B;Business;3Y;3 years;GBON;Government bonds;3;Three;2023-04-04;2.954
B;Business;3Y;3 years;GBON;Government bonds;3;Three;2023-04-05;2.859
B;Business;3Y;3 years;GBON;Government bonds;3;Three;2023-04-11;2.905
B;Business;3Y;3 years;GBON;Government bonds;3;Three;2023-04-12;2.969
B;Business;3Y;3 years;GBON;Government bonds;3;Three;2023-04-13;3.054
B;Business;3Y;3 years;GBON;Government bonds;3;Three;2023-04-14;3.15
B;Business;3Y;3 years;GBON;Government bonds;3;Three;2023-04-17;3.284
B;Business;3Y;3 years;GBON;Government bonds;3;Three;2023-04-18;3.267
B;Business;3Y;3 years;GBON;Government bonds;3;Three;2023-04-19;3.282
B;Business;3Y;3 years;GBON;Government bonds;3;Three;2023-04-20;3.258
B;Business;3Y;3 years;GBON;Government bonds;3;Three;2023-04-21;3.324
B;Business;3Y;3 years;GBON;Government bonds;3;Three;2023-04-24;3.372
B;Business;3Y;3 years;GBON;Government bonds;3;Three;2023-04-25;3.316
B;Business;3Y;3 years;GBON;Government bonds;3;Three;2023-04-26;3.222
B;Business;3Y;3 years;GBON;Government bonds;3;Three;2023-04-27;3.254
B;Business;3Y;3 years;GBON;Government bonds;3;Three;2023-04-28;3.214
B;Business;3Y;3 years;GBON;Government bonds;3;Three;2023-05-02;3.261
B;Business;3Y;3 years;GBON;Government bonds;3;Three;2023-05-03;3.198
B;Business;3Y;3 years;GBON;Government bonds;3;Three;2023-05-04;3.211
B;Business;3Y;3 years;GBON;Government bonds;3;Three;2023-05-05;3.224
B;Business;3Y;3 years;GBON;Government bonds;3;Three;2023-05-08;3.255
B;Business;3Y;3 years;GBON;Government bonds;3;Three;2023-05-09;3.251
B;Business;3Y;3 years;GBON;Government bonds;3;Three;2023-05-10;3.322
B;Business;3Y;3 years;GBON;Government bonds;3;Three;2023-05-11;3.248
B;Business;3Y;3 years;GBON;Government bonds;3;Three;2023-05-12;3.266
B;Business;3Y;3 years;GBON;Government bonds;3;Three;2023-05-15;3.285
B;Business;3Y;3 years;GBON;Government bonds;3;Three;2023-05-16;3.274
B;Business;3Y;3 years;GBON;Government bonds;3;Three;2023-05-19;3.35
B;Business;3Y;3 years;GBON;Government bonds;3;Three;2023-05-22;3.321
B;Business;3Y;3 years;GBON;Government bonds;3;Three;2023-05-23;3.337
B;Business;3Y;3 years;GBON;Government bonds;3;Three;2023-05-24;3.317
B;Business;3Y;3 years;GBON;Government bonds;3;Three;2023-05-25;3.36
B;Business;3Y;3 years;GBON;Government bonds;3;Three;2023-05-26;3.395
B;Business;3Y;3 years;GBON;Government bonds;3;Three;2023-05-30;3.308
B;Business;3Y;3 years;GBON;Government bonds;3;Three;2023-05-31;3.285
B;Business;3Y;3 years;GBON;Government bonds;3;Three;2023-06-01;3.311
B;Business;3Y;3 years;GBON;Government bonds;3;Three;2023-06-02;3.369
B;Business;3Y;3 years;GBON;Government bonds;3;Three;2023-06-05;3.491
B;Business;3Y;3 years;GBON;Government bonds;3;Three;2023-06-06;3.487
B;Business;3Y;3 years;GBON;Government bonds;3;Three;2023-06-07;3.493
B;Business;3Y;3 years;GBON;Government bonds;3;Three;2023-06-08;3.565
B;Business;3Y;3 years;GBON;Government bonds;3;Three;2023-06-09;3.697
B;Business;3Y;3 years;GBON;Government bonds;3;Three;2023-06-12;3.678
B;Business;3Y;3 years;GBON;Government bonds;3;Three;2023-06-13;3.664
B;Business;3Y;3 years;GBON;Government bonds;3;Three;2023-06-14;3.654
B;Business;3Y;3 years;GBON;Government bonds;3;Three;2023-06-15;3.692
B;Business;3Y;3 years;GBON;Government bonds;3;Three;2023-06-16;3.679
B;Business;3Y;3 years;GBON;Government bonds;3;Three;2023-06-19;3.717
B;Business;3Y;3 years;GBON;Government bonds;3;Three;2023-06-20;3.717
B;Business;3Y;3 years;GBON;Government bonds;3;Three;2023-06-21;3.761
B;Business;3Y;3 years;GBON;Government bonds;3;Three;2023-06-22;3.877
B;Business;3Y;3 years;GBON;Government bonds;3;Three;2023-06-23;3.831
B;Business;3Y;3 years;GBON;Government bonds;3;Three;2023-06-26;3.869
B;Business;3Y;3 years;GBON;Government bonds;3;Three;2023-06-27;3.904
B;Business;3Y;3 years;GBON;Government bonds;3;Three;2023-06-28;3.94
B;Business;3Y;3 years;GBON;Government bonds;3;Three;2023-06-29;3.996
B;Business;3Y;3 years;GBON;Government bonds;3;Three;2023-06-30;4.02
B;Business;3Y;3 years;GBON;Government bonds;3;Three;2023-07-03;4.023
B;Business;3Y;3 years;GBON;Government bonds;3;Three;2023-07-04;4.043
B;Business;3Y;3 years;GBON;Government bonds;3;Three;2023-07-05;3.99
B;Business;3Y;3 years;GBON;Government bonds;3;Three;2023-07-06;4.051
B;Business;3Y;3 years;GBON;Government bonds;3;Three;2023-07-07;4.041
B;Business;3Y;3 years;GBON;Government bonds;3;Three;2023-07-10;4.151
B;Business;3Y;3 years;GBON;Government bonds;3;Three;2023-07-11;4.171
B;Business;3Y;3 years;GBON;Government bonds;3;Three;2023-07-12;4.139
B;Business;3Y;3 years;GBON;Government bonds;3;Three;2023-07-13;4.076
B;Business;3Y;3 years;GBON;Government bonds;3;Three;2023-07-14;4.105
B;Business;3Y;3 years;GBON;Government bonds;3;Three;2023-07-17;4.116
B;Business;3Y;3 years;GBON;Government bonds;3;Three;2023-07-18;4.017
B;Business;3Y;3 years;GBON;Government bonds;3;Three;2023-07-19;3.994
B;Business;3Y;3 years;GBON;Government bonds;3;Three;2023-07-20;4.056
B;Business;3Y;3 years;GBON;Government bonds;3;Three;2023-07-21;4.087
B;Business;3Y;3 years;GBON;Government bonds;3;Three;2023-07-24;4.074
B;Business;3Y;3 years;GBON;Government bonds;3;Three;2023-07-25;4.092
B;Business;3Y;3 years;GBON;Government bonds;3;Three;2023-07-26;4.102
B;Business;3Y;3 years;GBON;Government bonds;3;Three;2023-07-27;4.11
B;Business;3Y;3 years;GBON;Government bonds;3;Three;2023-07-28;4.141
B;Business;3Y;3 years;GBON;Government bonds;3;Three;2023-07-31;4.168
B;Business;3Y;3 years;GBON;Government bonds;3;Three;2023-08-01;4.209
B;Business;3Y;3 years;GBON;Government bonds;3;Three;2023-08-02;4.214
B;Business;3Y;3 years;GBON;Government bonds;3;Three;2023-08-03;4.26
B;Business;3Y;3 years;GBON;Government bonds;3;Three;2023-08-04;4.285
B;Business;3Y;3 years;GBON;Government bonds;3;Three;2023-08-07;4.324
B;Business;3Y;3 years;GBON;Government bonds;3;Three;2023-08-08;4.251
B;Business;3Y;3 years;GBON;Government bonds;3;Three;2023-08-09;4.232
B;Business;3Y;3 years;GBON;Government bonds;3;Three;2023-08-10;4.114
B;Business;3Y;3 years;GBON;Government bonds;3;Three;2023-08-11;4.045
B;Business;3Y;3 years;GBON;Government bonds;3;Three;2023-08-14;4.017
B;Business;3Y;3 years;GBON;Government bonds;3;Three;2023-08-15;4.1
B;Business;3Y;3 years;GBON;Government bonds;3;Three;2023-08-16;4.121
B;Business;3Y;3 years;GBON;Government bonds;3;Three;2023-08-17;4.126
B;Business;3Y;3 years;GBON;Government bonds;3;Three;2023-08-18;4.161
B;Business;3Y;3 years;GBON;Government bonds;3;Three;2023-08-21;4.214
B;Business;3Y;3 years;GBON;Government bonds;3;Three;2023-08-22;4.206
B;Business;3Y;3 years;GBON;Government bonds;3;Three;2023-08-23;4.119
B;Business;3Y;3 years;GBON;Government bonds;3;Three;2023-08-24;4.078
B;Business;3Y;3 years;GBON;Government bonds;3;Three;2023-08-25;4.113
B;Business;3Y;3 years;GBON;Government bonds;3;Three;2023-08-28;4.112
B;Business;3Y;3 years;GBON;Government bonds;3;Three;2023-08-29;4.108
B;Business;3Y;3 years;GBON;Government bonds;3;Three;2023-08-30;4.069
B;Business;3Y;3 years;GBON;Government bonds;3;Three;2023-08-31;4.018
B;Business;3Y;3 years;GBON;Government bonds;3;Three;2023-09-01;4.023
B;Business;3Y;3 years;GBON;Government bonds;3;Three;2023-09-04;4.094
B;Business;3Y;3 years;GBON;Government bonds;3;Three;2023-09-05;4.103
B;Business;3Y;3 years;GBON;Government bonds;3;Three;2023-09-06;4.12
B;Business;3Y;3 years;GBON;Government bonds;3;Three;2023-09-07;4.171
B;Business;3Y;3 years;GBON;Government bonds;3;Three;2023-09-08;4.176
B;Business;3Y;3 years;GBON;Government bonds;3;Three;2023-09-11;4.129
B;Business;3Y;3 years;GBON;Government bonds;3;Three;2023-09-12;4.126
B;Business;3Y;3 years;GBON;Government bonds;3;Three;2023-09-13;4.126
B;Business;3Y;3 years;GBON;Government bonds;3;Three;2023-09-14;4.004
B;Business;3Y;3 years;GBON;Government bonds;3;Three;2023-09-15;4.029
B;Business;3Y;3 years;GBON;Government bonds;3;Three;2023-09-18;4.053
B;Business;3Y;3 years;GBON;Government bonds;3;Three;2023-09-19;4.08
B;Business;3Y;3 years;GBON;Government bonds;3;Three;2023-09-20;4.079
B;Business;3Y;3 years;GBON;Government bonds;3;Three;2023-09-21;4.196
B;Business;3Y;3 years;GBON;Government bonds;3;Three;2023-09-22;4.189
B;Business;3Y;3 years;GBON;Government bonds;3;Three;2023-09-25;4.2
B;Business;3Y;3 years;GBON;Government bonds;3;Three;2023-09-26;4.164
B;Business;3Y;3 years;GBON;Government bonds;3;Three;2023-09-27;4.127
B;Business;3Y;3 years;GBON;Government bonds;3;Three;2023-09-28;4.209
B;Business;3Y;3 years;GBON;Government bonds;3;Three;2023-09-29;4.114
B;Business;3Y;3 years;GBON;Government bonds;3;Three;2023-10-02;4.217
B;Business;3Y;3 years;GBON;Government bonds;3;Three;2023-10-03;4.253
B;Business;3Y;3 years;GBON;Government bonds;3;Three;2023-10-04;4.229
B;Business;3Y;3 years;GBON;Government bonds;3;Three;2023-10-05;4.206
B;Business;3Y;3 years;GBON;Government bonds;3;Three;2023-10-06;4.26
B;Business;3Y;3 years;GBON;Government bonds;3;Three;2023-10-09;4.253
B;Business;3Y;3 years;GBON;Government bonds;3;Three;2023-10-10;4.135
B;Business;3Y;3 years;GBON;Government bonds;3;Three;2023-10-11;3.99
B;Business;3Y;3 years;GBON;Government bonds;3;Three;2023-10-12;3.999
B;Business;3Y;3 years;GBON;Government bonds;3;Three;2023-10-13;3.943
B;Business;3Y;3 years;GBON;Government bonds;3;Three;2023-10-16;3.999
B;Business;3Y;3 years;GBON;Government bonds;3;Three;2023-10-17;4.047
B;Business;3Y;3 years;GBON;Government bonds;3;Three;2023-10-18;4.063
B;Business;3Y;3 years;GBON;Government bonds;3;Three;2023-10-19;4.103
B;Business;3Y;3 years;GBON;Government bonds;3;Three;2023-10-20;4.063
B;Business;3Y;3 years;GBON;Government bonds;3;Three;2023-10-23;4.084
B;Business;3Y;3 years;GBON;Government bonds;3;Three;2023-10-24;4.046
B;Business;3Y;3 years;GBON;Government bonds;3;Three;2023-10-25;4.091
B;Business;3Y;3 years;GBON;Government bonds;3;Three;2023-10-26;4.083
B;Business;3Y;3 years;GBON;Government bonds;3;Three;2023-10-27;4.075
B;Business;3Y;3 years;GBON;Government bonds;3;Three;2023-10-30;4.072
B;Business;3Y;3 years;GBON;Government bonds;3;Three;2023-10-31;4.086
B;Business;3Y;3 years;GBON;Government bonds;3;Three;2023-11-01;4.001
B;Business;3Y;3 years;GBON;Government bonds;3;Three;2023-11-02;3.878
B;Business;3Y;3 years;GBON;Government bonds;3;Three;2023-11-03;3.825
B;Business;3Y;3 years;GBON;Government bonds;3;Three;2023-11-06;3.879
B;Business;3Y;3 years;GBON;Government bonds;3;Three;2023-11-07;3.863
B;Business;3Y;3 years;GBON;Government bonds;3;Three;2023-11-08;3.899
B;Business;3Y;3 years;GBON;Government bonds;3;Three;2023-11-09;3.915
B;Business;3Y;3 years;GBON;Government bonds;3;Three;2023-11-10;4.006
B;Business;3Y;3 years;GBON;Government bonds;3;Three;2023-11-13;4.02
B;Business;3Y;3 years;GBON;Government bonds;3;Three;2023-11-14;3.935
B;Business;3Y;3 years;GBON;Government bonds;3;Three;2023-11-15;3.922
B;Business;3Y;3 years;GBON;Government bonds;3;Three;2023-11-16;3.851
B;Business;3Y;3 years;GBON;Government bonds;3;Three;2023-11-17;3.813
B;Business;3Y;3 years;GBON;Government bonds;3;Three;2023-11-20;3.799
B;Business;3Y;3 years;GBON;Government bonds;3;Three;2023-11-21;3.79
B;Business;3Y;3 years;GBON;Government bonds;3;Three;2023-11-22;3.781
B;Business;3Y;3 years;GBON;Government bonds;3;Three;2023-11-23;3.83
B;Business;3Y;3 years;GBON;Government bonds;3;Three;2023-11-24;3.842
B;Business;3Y;3 years;GBON;Government bonds;3;Three;2023-11-27;3.816
B;Business;3Y;3 years;GBON;Government bonds;3;Three;2023-11-28;3.806
B;Business;3Y;3 years;GBON;Government bonds;3;Three;2023-11-29;3.748
B;Business;3Y;3 years;GBON;Government bonds;3;Three;2023-11-30;3.751
B;Business;3Y;3 years;GBON;Government bonds;3;Three;2023-12-01;3.69
B;Business;3Y;3 years;GBON;Government bonds;3;Three;2023-12-04;3.602
B;Business;3Y;3 years;GBON;Government bonds;3;Three;2023-12-05;3.517
B;Business;3Y;3 years;GBON;Government bonds;3;Three;2023-12-06;3.403
B;Business;3Y;3 years;GBON;Government bonds;3;Three;2023-12-07;3.409
B;Business;3Y;3 years;GBON;Government bonds;3;Three;2023-12-08;3.47
B;Business;3Y;3 years;GBON;Government bonds;3;Three;2023-12-11;3.402
B;Business;3Y;3 years;GBON;Government bonds;3;Three;2023-12-12;3.386
B;Business;3Y;3 years;GBON;Government bonds;3;Three;2023-12-13;3.357
B;Business;3Y;3 years;GBON;Government bonds;3;Three;2023-12-14;3.328
B;Business;3Y;3 years;GBON;Government bonds;3;Three;2023-12-15;3.311
B;Business;3Y;3 years;GBON;Government bonds;3;Three;2023-12-18;3.354
B;Business;3Y;3 years;GBON;Government bonds;3;Three;2023-12-19;3.392
B;Business;3Y;3 years;GBON;Government bonds;3;Three;2023-12-20;3.399
B;Business;3Y;3 years;GBON;Government bonds;3;Three;2023-12-21;3.434
B;Business;3Y;3 years;GBON;Government bonds;3;Three;2023-12-22;3.455
B;Business;3Y;3 years;GBON;Government bonds;3;Three;2023-12-27;3.41
B;Business;3Y;3 years;GBON;Government bonds;3;Three;2023-12-28;3.358
B;Business;3Y;3 years;GBON;Government bonds;3;Three;2023-12-29;3.366
B;Business;3Y;3 years;GBON;Government bonds;3;Three;2024-01-02;3.316
B;Business;3Y;3 years;GBON;Government bonds;3;Three;2024-01-03;3.272
B;Business;3Y;3 years;GBON;Government bonds;3;Three;2024-01-04;3.386
B;Business;3Y;3 years;GBON;Government bonds;3;Three;2024-01-05;3.414
B;Business;3Y;3 years;GBON;Government bonds;3;Three;2024-01-08;3.387
B;Business;3Y;3 years;GBON;Government bonds;3;Three;2024-01-09;3.387
B;Business;3Y;3 years;GBON;Government bonds;3;Three;2024-01-10;3.454
B;Business;3Y;3 years;GBON;Government bonds;3;Three;2024-01-11;3.5
B;Business;3Y;3 years;GBON;Government bonds;3;Three;2024-01-12;3.487
B;Business;3Y;3 years;GBON;Government bonds;3;Three;2024-01-15;3.535
B;Business;3Y;3 years;GBON;Government bonds;3;Three;2024-01-16;3.562
B;Business;3Y;3 years;GBON;Government bonds;3;Three;2024-01-17;3.634
B;Business;3Y;3 years;GBON;Government bonds;3;Three;2024-01-18;3.563
B;Business;3Y;3 years;GBON;Government bonds;3;Three;2024-01-19;3.565
B;Business;3Y;3 years;GBON;Government bonds;3;Three;2024-01-22;3.519
B;Business;3Y;3 years;GBON;Government bonds;3;Three;2024-01-23;3.545
B;Business;3Y;3 years;GBON;Government bonds;3;Three;2024-01-24;3.572
B;Business;3Y;3 years;GBON;Government bonds;3;Three;2024-01-25;3.58
B;Business;3Y;3 years;GBON;Government bonds;3;Three;2024-01-26;3.627
B;Business;3Y;3 years;GBON;Government bonds;3;Three;2024-01-29;3.585
B;Business;3Y;3 years;GBON;Government bonds;3;Three;2024-01-30;3.589
B;Business;3Y;3 years;GBON;Government bonds;3;Three;2024-01-31;3.484
B;Business;3Y;3 years;GBON;Government bonds;3;Three;2024-02-01;3.473
B;Business;3Y;3 years;GBON;Government bonds;3;Three;2024-02-02;3.555
B;Business;3Y;3 years;GBON;Government bonds;3;Three;2024-02-05;3.659
B;Business;3Y;3 years;GBON;Government bonds;3;Three;2024-02-06;3.632
B;Business;3Y;3 years;GBON;Government bonds;3;Three;2024-02-07;3.611
B;Business;3Y;3 years;GBON;Government bonds;3;Three;2024-02-08;3.648
B;Business;3Y;3 years;GBON;Government bonds;3;Three;2024-02-09;3.694
B;Business;3Y;3 years;GBON;Government bonds;3;Three;2024-02-12;3.699
B;Business;3Y;3 years;GBON;Government bonds;3;Three;2024-02-13;3.777
B;Business;3Y;3 years;GBON;Government bonds;3;Three;2024-02-14;3.869
B;Business;3Y;3 years;GBON;Government bonds;3;Three;2024-02-15;3.811
B;Business;3Y;3 years;GBON;Government bonds;3;Three;2024-02-16;3.899
B;Business;3Y;3 years;GBON;Government bonds;3;Three;2024-02-19;3.952
B;Business;3Y;3 years;GBON;Government bonds;3;Three;2024-02-20;3.933
B;Business;3Y;3 years;GBON;Government bonds;3;Three;2024-02-21;3.927
B;Business;3Y;3 years;GBON;Government bonds;3;Three;2024-02-22;3.931
B;Business;3Y;3 years;GBON;Government bonds;3;Three;2024-02-23;3.926
B;Business;3Y;3 years;GBON;Government bonds;3;Three;2024-02-26;3.937
B;Business;3Y;3 years;GBON;Government bonds;3;Three;2024-02-27;3.947
B;Business;3Y;3 years;GBON;Government bonds;3;Three;2024-02-28;3.939
B;Business;3Y;3 years;GBON;Government bonds;3;Three;2024-02-29;3.907
B;Business;3Y;3 years;GBON;Government bonds;3;Three;2024-03-01;3.89
B;Business;3Y;3 years;GBON;Government bonds;3;Three;2024-03-04;3.837
B;Business;3Y;3 years;GBON;Government bonds;3;Three;2024-03-05;3.812
B;Business;3Y;3 years;GBON;Government bonds;3;Three;2024-03-06;3.816
B;Business;3Y;3 years;GBON;Government bonds;3;Three;2024-03-07;3.755
B;Business;3Y;3 years;GBON;Government bonds;3;Three;2024-03-08;3.635
B;Business;3Y;3 years;GBON;Government bonds;3;Three;2024-03-11;3.575
B;Business;3Y;3 years;GBON;Government bonds;3;Three;2024-03-12;3.535
B;Business;3Y;3 years;GBON;Government bonds;3;Three;2024-03-13;3.567
B;Business;3Y;3 years;GBON;Government bonds;3;Three;2024-03-14;3.627
B;Business;3Y;3 years;GBON;Government bonds;3;Three;2024-03-15;3.697
B;Business;3Y;3 years;GBON;Government bonds;3;Three;2024-03-18;3.746
B;Business;3Y;3 years;GBON;Government bonds;3;Three;2024-03-19;3.764
B;Business;3Y;3 years;GBON;Government bonds;3;Three;2024-03-20;3.737
B;Business;3Y;3 years;GBON;Government bonds;3;Three;2024-03-21;3.713
B;Business;3Y;3 years;GBON;Government bonds;3;Three;2024-03-22;3.636
B;Business;3Y;3 years;GBON;Government bonds;3;Three;2024-03-25;3.661
B;Business;3Y;3 years;GBON;Government bonds;3;Three;2024-03-26;3.662
B;Business;3Y;3 years;GBON;Government bonds;3;Three;2024-03-27;3.637
B;Business;3Y;3 years;GBON;Government bonds;3;Three;2024-04-02;3.778
B;Business;3Y;3 years;GBON;Government bonds;3;Three;2024-04-03;3.828
B;Business;3Y;3 years;GBON;Government bonds;3;Three;2024-04-04;3.747
B;Business;3Y;3 years;GBON;Government bonds;3;Three;2024-04-05;3.76
B;Business;3Y;3 years;GBON;Government bonds;3;Three;2024-04-08;3.834
B;Business;3Y;3 years;GBON;Government bonds;3;Three;2024-04-09;3.823
B;Business;3Y;3 years;GBON;Government bonds;3;Three;2024-04-10;3.836
B;Business;3Y;3 years;GBON;Government bonds;3;Three;2024-04-11;3.897
B;Business;3Y;3 years;GBON;Government bonds;3;Three;2024-04-12;3.809
B;Business;3Y;3 years;GBON;Government bonds;3;Three;2024-04-15;3.899
B;Business;3Y;3 years;GBON;Government bonds;3;Three;2024-04-16;3.99
B;Business;3Y;3 years;GBON;Government bonds;3;Three;2024-04-17;3.97
B;Business;3Y;3 years;GBON;Government bonds;3;Three;2024-04-18;3.959
B;Business;3Y;3 years;GBON;Government bonds;3;Three;2024-04-19;3.977
B;Business;3Y;3 years;GBON;Government bonds;3;Three;2024-04-22;3.993
B;Business;3Y;3 years;GBON;Government bonds;3;Three;2024-04-23;3.973
B;Business;3Y;3 years;GBON;Government bonds;3;Three;2024-04-24;3.943
B;Business;3Y;3 years;GBON;Government bonds;3;Three;2024-04-25;3.944
B;Business;3Y;3 years;GBON;Government bonds;3;Three;2024-04-26;3.868
B;Business;3Y;3 years;GBON;Government bonds;3;Three;2024-04-29;3.866
B;Business;3Y;3 years;GBON;Government bonds;3;Three;2024-04-30;3.89
B;Business;3Y;3 years;GBON;Government bonds;3;Three;2024-05-02;3.85
B;Business;3Y;3 years;GBON;Government bonds;3;Three;2024-05-03;3.77
B;Business;3Y;3 years;GBON;Government bonds;3;Three;2024-05-06;3.714
B;Business;3Y;3 years;GBON;Government bonds;3;Three;2024-05-07;3.668
B;Business;3Y;3 years;GBON;Government bonds;3;Three;2024-05-08;3.722
B;Business;3Y;3 years;GBON;Government bonds;3;Three;2024-05-10;3.744
B;Business;3Y;3 years;GBON;Government bonds;3;Three;2024-05-13;3.76
B;Business;3Y;3 years;GBON;Government bonds;3;Three;2024-05-14;3.788
B;Business;3Y;3 years;GBON;Government bonds;3;Three;2024-05-15;3.751
B;Business;3Y;3 years;GBON;Government bonds;3;Three;2024-05-16;3.733
B;Business;3Y;3 years;GBON;Government bonds;3;Three;2024-05-21;3.751
B;Business;3Y;3 years;GBON;Government bonds;3;Three;2024-05-22;3.751
B;Business;3Y;3 years;GBON;Government bonds;3;Three;2024-05-23;3.777
B;Business;3Y;3 years;GBON;Government bonds;3;Three;2024-05-24;3.808
B;Business;3Y;3 years;GBON;Government bonds;3;Three;2024-05-27;3.791
B;Business;3Y;3 years;GBON;Government bonds;3;Three;2024-05-28;3.765
B;Business;3Y;3 years;GBON;Government bonds;3;Three;2024-05-29;3.793
B;Business;3Y;3 years;GBON;Government bonds;3;Three;2024-05-30;3.795
B;Business;3Y;3 years;GBON;Government bonds;3;Three;2024-05-31;3.758
B;Business;3Y;3 years;GBON;Government bonds;3;Three;2024-06-03;3.719
B;Business;3Y;3 years;GBON;Government bonds;3;Three;2024-06-04;3.645
B;Business;3Y;3 years;GBON;Government bonds;3;Three;2024-06-05;3.588
B;Business;3Y;3 years;GBON;Government bonds;3;Three;2024-06-06;3.596
B;Business;3Y;3 years;GBON;Government bonds;3;Three;2024-06-07;3.686
B;Business;3Y;3 years;GBON;Government bonds;3;Three;2024-06-10;3.772
B;Business;3Y;3 years;GBON;Government bonds;3;Three;2024-06-11;3.733
B;Business;3Y;3 years;GBON;Government bonds;3;Three;2024-06-12;3.599
B;Business;3Y;3 years;GBON;Government bonds;3;Three;2024-06-13;3.623
B;Business;3Y;3 years;GBON;Government bonds;3;Three;2024-06-14;3.582
B;Business;3Y;3 years;GBON;Government bonds;3;Three;2024-06-17;3.598
B;Business;3Y;3 years;GBON;Government bonds;3;Three;2024-06-18;3.645
B;Business;3Y;3 years;GBON;Government bonds;3;Three;2024-06-19;3.666
B;Business;3Y;3 years;GBON;Government bonds;3;Three;2024-06-20;3.799
B;Business;3Y;3 years;GBON;Government bonds;3;Three;2024-06-21;3.701
B;Business;3Y;3 years;GBON;Government bonds;3;Three;2024-06-24;3.707
B;Business;3Y;3 years;GBON;Government bonds;3;Three;2024-06-25;3.698
B;Business;3Y;3 years;GBON;Government bonds;3;Three;2024-06-26;3.698
B;Business;3Y;3 years;GBON;Government bonds;3;Three;2024-06-27;3.711
B;Business;3Y;3 years;GBON;Government bonds;3;Three;2024-06-28;3.708
B;Business;3Y;3 years;GBON;Government bonds;3;Three;2024-07-01;3.822
B;Business;3Y;3 years;GBON;Government bonds;3;Three;2024-07-02;3.811
B;Business;3Y;3 years;GBON;Government bonds;3;Three;2024-07-03;3.828
B;Business;3Y;3 years;GBON;Government bonds;3;Three;2024-07-04;3.835
B;Business;3Y;3 years;GBON;Government bonds;3;Three;2024-07-05;3.833
B;Business;3Y;3 years;GBON;Government bonds;3;Three;2024-07-08;3.848
B;Business;3Y;3 years;GBON;Government bonds;3;Three;2024-07-09;3.894
B;Business;3Y;3 years;GBON;Government bonds;3;Three;2024-07-10;3.733
B;Business;3Y;3 years;GBON;Government bonds;3;Three;2024-07-11;3.609
B;Business;3Y;3 years;GBON;Government bonds;3;Three;2024-07-12;3.567
B;Business;3Y;3 years;GBON;Government bonds;3;Three;2024-07-15;3.562
B;Business;3Y;3 years;GBON;Government bonds;3;Three;2024-07-16;3.518
B;Business;3Y;3 years;GBON;Government bonds;3;Three;2024-07-17;3.539
B;Business;3Y;3 years;GBON;Government bonds;3;Three;2024-07-18;3.553
B;Business;3Y;3 years;GBON;Government bonds;3;Three;2024-07-19;3.58
B;Business;3Y;3 years;GBON;Government bonds;3;Three;2024-07-22;3.567
B;Business;3Y;3 years;GBON;Government bonds;3;Three;2024-07-23;3.537
B;Business;3Y;3 years;GBON;Government bonds;3;Three;2024-07-24;3.526
B;Business;3Y;3 years;GBON;Government bonds;3;Three;2024-07-25;3.521
B;Business;3Y;3 years;GBON;Government bonds;3;Three;2024-07-26;3.531
B;Business;3Y;3 years;GBON;Government bonds;3;Three;2024-07-29;3.512
B;Business;3Y;3 years;GBON;Government bonds;3;Three;2024-07-30;3.496
B;Business;3Y;3 years;GBON;Government bonds;3;Three;2024-07-31;3.462
B;Business;3Y;3 years;GBON;Government bonds;3;Three;2024-08-01;3.37
B;Business;3Y;3 years;GBON;Government bonds;3;Three;2024-08-02;3.237
B;Business;3Y;3 years;GBON;Government bonds;3;Three;2024-08-05;3.108
B;Business;3Y;3 years;GBON;Government bonds;3;Three;2024-08-06;3.144
B;Business;3Y;3 years;GBON;Government bonds;3;Three;2024-08-07;3.283
B;Business;3Y;3 years;GBON;Government bonds;3;Three;2024-08-08;3.309
B;Business;3Y;3 years;GBON;Government bonds;3;Three;2024-08-09;3.274
B;Business;3Y;3 years;GBON;Government bonds;3;Three;2024-08-12;3.319
B;Business;3Y;3 years;GBON;Government bonds;3;Three;2024-08-13;3.282
B;Business;3Y;3 years;GBON;Government bonds;3;Three;2024-08-14;3.281
B;Business;3Y;3 years;GBON;Government bonds;3;Three;2024-08-15;3.373
B;Business;3Y;3 years;GBON;Government bonds;3;Three;2024-08-16;3.373
B;Business;3Y;3 years;GBON;Government bonds;3;Three;2024-08-19;3.361
B;Business;3Y;3 years;GBON;Government bonds;3;Three;2024-08-20;3.285
B;Business;3Y;3 years;GBON;Government bonds;3;Three;2024-08-21;3.247
B;Business;3Y;3 years;GBON;Government bonds;3;Three;2024-08-22;3.224
B;Business;3Y;3 years;GBON;Government bonds;3;Three;2024-08-23;3.212
B;Business;3Y;3 years;GBON;Government bonds;3;Three;2024-08-26;3.214
B;Business;3Y;3 years;GBON;Government bonds;3;Three;2024-08-27;3.266
B;Business;3Y;3 years;GBON;Government bonds;3;Three;2024-08-28;3.239
B;Business;3Y;3 years;GBON;Government bonds;3;Three;2024-08-29;3.224
B;Business;3Y;3 years;GBON;Government bonds;3;Three;2024-08-30;3.217
B;Business;3Y;3 years;GBON;Government bonds;3;Three;2024-09-02;3.243
B;Business;3Y;3 years;GBON;Government bonds;3;Three;2024-09-03;3.231
B;Business;3Y;3 years;GBON;Government bonds;3;Three;2024-09-04;3.215
B;Business;3Y;3 years;GBON;Government bonds;3;Three;2024-09-05;3.169
B;Business;3Y;3 years;GBON;Government bonds;3;Three;2024-09-06;3.179
B;Business;3Y;3 years;GBON;Government bonds;3;Three;2024-09-09;3.13
B;Business;3Y;3 years;GBON;Government bonds;3;Three;2024-09-10;3.167
B;Business;3Y;3 years;GBON;Government bonds;3;Three;2024-09-11;3.107
B;Business;3Y;3 years;GBON;Government bonds;3;Three;2024-09-12;3.12
B;Business;3Y;3 years;GBON;Government bonds;3;Three;2024-09-13;3.142
B;Business;3Y;3 years;GBON;Government bonds;3;Three;2024-09-16;3.148
B;Business;3Y;3 years;GBON;Government bonds;3;Three;2024-09-17;3.207
B;Business;3Y;3 years;GBON;Government bonds;3;Three;2024-09-18;3.299
B;Business;3Y;3 years;GBON;Government bonds;3;Three;2024-09-19;3.329
B;Business;3Y;3 years;GBON;Government bonds;3;Three;2024-09-20;3.417
B;Business;3Y;3 years;GBON;Government bonds;3;Three;2024-09-23;3.421
B;Business;3Y;3 years;GBON;Government bonds;3;Three;2024-09-24;3.416
B;Business;3Y;3 years;GBON;Government bonds;3;Three;2024-09-25;3.33
B;Business;3Y;3 years;GBON;Government bonds;3;Three;2024-09-26;3.269
B;Business;3Y;3 years;GBON;Government bonds;3;Three;2024-09-27;3.272
B;Business;3Y;3 years;GBON;Government bonds;3;Three;2024-09-30;3.27
B;Business;3Y;3 years;GBON;Government bonds;3;Three;2024-10-01;3.204
B;Business;3Y;3 years;GBON;Government bonds;3;Three;2024-10-02;3.335
B;Business;3Y;3 years;GBON;Government bonds;3;Three;2024-10-03;3.318
B;Business;3Y;3 years;GBON;Government bonds;3;Three;2024-10-04;3.386
B;Business;3Y;3 years;GBON;Government bonds;3;Three;2024-10-07;3.513
B;Business;3Y;3 years;GBON;Government bonds;3;Three;2024-10-08;3.552
B;Business;3Y;3 years;GBON;Government bonds;3;Three;2024-10-09;3.514
B;Business;3Y;3 years;GBON;Government bonds;3;Three;2024-10-10;3.507
B;Business;3Y;3 years;GBON;Government bonds;3;Three;2024-10-11;3.566
B;Business;3Y;3 years;GBON;Government bonds;3;Three;2024-10-14;3.545
B;Business;3Y;3 years;GBON;Government bonds;3;Three;2024-10-15;3.489
B;Business;3Y;3 years;GBON;Government bonds;3;Three;2024-10-16;3.46
B;Business;3Y;3 years;GBON;Government bonds;3;Three;2024-10-17;3.487
B;Business;3Y;3 years;GBON;Government bonds;3;Three;2024-10-18;3.475
B;Business;3Y;3 years;GBON;Government bonds;3;Three;2024-10-21;3.515
B;Business;3Y;3 years;GBON;Government bonds;3;Three;2024-10-22;3.492
B;Business;3Y;3 years;GBON;Government bonds;3;Three;2024-10-23;3.525
B;Business;3Y;3 years;GBON;Government bonds;3;Three;2024-10-24;3.527
B;Business;3Y;3 years;GBON;Government bonds;3;Three;2024-10-25;3.571
B;Business;3Y;3 years;GBON;Government bonds;3;Three;2024-10-28;3.612
B;Business;3Y;3 years;GBON;Government bonds;3;Three;2024-10-29;3.723
B;Business;3Y;3 years;GBON;Government bonds;3;Three;2024-10-30;3.718
B;Business;3Y;3 years;GBON;Government bonds;3;Three;2024-10-31;3.821
B;Business;3Y;3 years;GBON;Government bonds;3;Three;2024-11-01;3.787
B;Business;3Y;3 years;GBON;Government bonds;3;Three;2024-11-04;3.884
B;Business;3Y;3 years;GBON;Government bonds;3;Three;2024-11-05;3.915
B;Business;3Y;3 years;GBON;Government bonds;3;Three;2024-11-06;3.957
B;Business;3Y;3 years;GBON;Government bonds;3;Three;2024-11-07;3.888
B;Business;3Y;3 years;GBON;Government bonds;3;Three;2024-11-08;3.793
B;Business;3Y;3 years;GBON;Government bonds;3;Three;2024-11-11;3.703
B;Business;3Y;3 years;GBON;Government bonds;3;Three;2024-11-12;3.696
B;Business;3Y;3 years;GBON;Government bonds;3;Three;2024-11-13;3.729
B;Business;3Y;3 years;GBON;Government bonds;3;Three;2024-11-14;3.706
B;Business;3Y;3 years;GBON;Government bonds;3;Three;2024-11-15;3.744
B;Business;3Y;3 years;GBON;Government bonds;3;Three;2024-11-18;3.742
B;Business;3Y;3 years;GBON;Government bonds;3;Three;2024-11-19;3.692
B;Business;3Y;3 years;GBON;Government bonds;3;Three;2024-11-20;3.692
B;Business;3Y;3 years;GBON;Government bonds;3;Three;2024-11-21;3.666
B;Business;3Y;3 years;GBON;Government bonds;3;Three;2024-11-22;3.648
B;Business;3Y;3 years;GBON;Government bonds;3;Three;2024-11-25;3.604
B;Business;3Y;3 years;GBON;Government bonds;3;Three;2024-11-26;3.583
B;Business;3Y;3 years;GBON;Government bonds;3;Three;2024-11-27;3.554
B;Business;3Y;3 years;GBON;Government bonds;3;Three;2024-11-28;3.557
B;Business;3Y;3 years;GBON;Government bonds;3;Three;2024-11-29;3.526
B;Business;3Y;3 years;GBON;Government bonds;3;Three;2024-12-02;3.525
B;Business;3Y;3 years;GBON;Government bonds;3;Three;2024-12-03;3.528
B;Business;3Y;3 years;GBON;Government bonds;3;Three;2024-12-04;3.561
B;Business;3Y;3 years;GBON;Government bonds;3;Three;2024-12-05;3.574
B;Business;3Y;3 years;GBON;Government bonds;3;Three;2024-12-06;3.524
B;Business;3Y;3 years;GBON;Government bonds;3;Three;2024-12-09;3.504
B;Business;3Y;3 years;GBON;Government bonds;3;Three;2024-12-10;3.561
B;Business;3Y;3 years;GBON;Government bonds;3;Three;2024-12-11;3.622
B;Business;3Y;3 years;GBON;Government bonds;3;Three;2024-12-12;3.724
B;Business;3Y;3 years;GBON;Government bonds;3;Three;2024-12-13;3.783
B;Business;3Y;3 years;GBON;Government bonds;3;Three;2024-12-16;3.772
B;Business;3Y;3 years;GBON;Government bonds;3;Three;2024-12-17;3.772
B;Business;3Y;3 years;GBON;Government bonds;3;Three;2024-12-18;3.764
B;Business;3Y;3 years;GBON;Government bonds;3;Three;2024-12-19;3.727
B;Business;3Y;3 years;GBON;Government bonds;3;Three;2024-12-20;3.704
B;Business;3Y;3 years;GBON;Government bonds;3;Three;2024-12-23;3.717
B;Business;3Y;3 years;GBON;Government bonds;3;Three;2024-12-27;3.765
B;Business;3Y;3 years;GBON;Government bonds;3;Three;2024-12-30;3.789
B;Business;3Y;3 years;GBON;Government bonds;3;Three;2025-01-02;3.742
B;Business;3Y;3 years;GBON;Government bonds;3;Three;2025-01-03;3.766
B;Business;3Y;3 years;GBON;Government bonds;3;Three;2025-01-06;3.798
B;Business;3Y;3 years;GBON;Government bonds;3;Three;2025-01-07;3.821
B;Business;3Y;3 years;GBON;Government bonds;3;Three;2025-01-08;3.842
B;Business;3Y;3 years;GBON;Government bonds;3;Three;2025-01-09;3.844
B;Business;3Y;3 years;GBON;Government bonds;3;Three;2025-01-10;3.88
B;Business;3Y;3 years;GBON;Government bonds;3;Three;2025-01-13;3.949
B;Business;3Y;3 years;GBON;Government bonds;3;Three;2025-01-14;3.99
B;Business;3Y;3 years;GBON;Government bonds;3;Three;2025-01-15;3.93
B;Business;3Y;3 years;GBON;Government bonds;3;Three;2025-01-16;3.921
B;Business;3Y;3 years;GBON;Government bonds;3;Three;2025-01-17;3.879
B;Business;3Y;3 years;GBON;Government bonds;3;Three;2025-01-20;3.903
B;Business;3Y;3 years;GBON;Government bonds;3;Three;2025-01-21;3.865
B;Business;3Y;3 years;GBON;Government bonds;3;Three;2025-01-22;3.863
B;Business;3Y;3 years;GBON;Government bonds;3;Three;2025-01-23;3.873
B;Business;3Y;3 years;GBON;Government bonds;3;Three;2025-01-24;3.874
B;Business;3Y;3 years;GBON;Government bonds;3;Three;2025-01-27;3.798
B;Business;3Y;3 years;GBON;Government bonds;3;Three;2025-01-28;3.774
B;Business;3Y;3 years;GBON;Government bonds;3;Three;2025-01-29;3.742
B;Business;3Y;3 years;GBON;Government bonds;3;Three;2025-01-30;3.682
B;Business;3Y;3 years;GBON;Government bonds;3;Three;2025-01-31;3.689
B;Business;3Y;3 years;GBON;Government bonds;3;Three;2025-02-03;3.64
B;Business;3Y;3 years;GBON;Government bonds;3;Three;2025-02-04;3.673
B;Business;3Y;3 years;GBON;Government bonds;3;Three;2025-02-05;3.636
B;Business;3Y;3 years;GBON;Government bonds;3;Three;2025-02-06;3.642
B;Business;3Y;3 years;GBON;Government bonds;3;Three;2025-02-07;3.704
B;Business;3Y;3 years;GBON;Government bonds;3;Three;2025-02-10;3.742
B;Business;3Y;3 years;GBON;Government bonds;3;Three;2025-02-11;3.739
B;Business;3Y;3 years;GBON;Government bonds;3;Three;2025-02-12;3.812
B;Business;3Y;3 years;GBON;Government bonds;3;Three;2025-02-13;3.774
B;Business;3Y;3 years;GBON;Government bonds;3;Three;2025-02-14;3.744
B;Business;3Y;3 years;GBON;Government bonds;3;Three;2025-02-17;3.756
B;Business;3Y;3 years;GBON;Government bonds;3;Three;2025-02-18;3.744
B;Business;3Y;3 years;GBON;Government bonds;3;Three;2025-02-19;3.784
B;Business;3Y;3 years;GBON;Government bonds;3;Three;2025-02-20;3.781
B;Business;3Y;3 years;GBON;Government bonds;3;Three;2025-02-21;3.751
B;Business;3Y;3 years;GBON;Government bonds;3;Three;2025-02-24;3.76
B;Business;3Y;3 years;GBON;Government bonds;3;Three;2025-02-25;3.68
B;Business;3Y;3 years;GBON;Government bonds;3;Three;2025-02-26;3.634
B;Business;3Y;3 years;GBON;Government bonds;3;Three;2025-02-27;3.606
B;Business;3Y;3 years;GBON;Government bonds;3;Three;2025-02-28;3.567
B;Business;3Y;3 years;GBON;Government bonds;3;Three;2025-03-03;3.606
B;Business;3Y;3 years;GBON;Government bonds;3;Three;2025-03-04;3.531
B;Business;3Y;3 years;GBON;Government bonds;3;Three;2025-03-05;3.608
B;Business;3Y;3 years;GBON;Government bonds;3;Three;2025-03-06;3.701
B;Business;3Y;3 years;GBON;Government bonds;3;Three;2025-03-07;3.694
B;Business;3Y;3 years;GBON;Government bonds;3;Three;2025-03-10;3.862
B;Business;3Y;3 years;GBON;Government bonds;3;Three;2025-03-11;3.819
B;Business;3Y;3 years;GBON;Government bonds;3;Three;2025-03-12;3.86
B;Business;3Y;3 years;GBON;Government bonds;3;Three;2025-03-13;3.875
B;Business;3Y;3 years;GBON;Government bonds;3;Three;2025-03-14;3.877
B;Business;3Y;3 years;GBON;Government bonds;3;Three;2025-03-17;3.844
B;Business;3Y;3 years;GBON;Government bonds;3;Three;2025-03-18;3.823
B;Business;3Y;3 years;GBON;Government bonds;3;Three;2025-03-19;3.788
B;Business;3Y;3 years;GBON;Government bonds;3;Three;2025-03-20;3.822
B;Business;3Y;3 years;GBON;Government bonds;3;Three;2025-03-21;3.822
B;Business;3Y;3 years;GBON;Government bonds;3;Three;2025-03-24;3.865
B;Business;3Y;3 years;GBON;Government bonds;3;Three;2025-03-25;3.885
B;Business;3Y;3 years;GBON;Government bonds;3;Three;2025-03-26;3.826
B;Business;3Y;3 years;GBON;Government bonds;3;Three;2025-03-27;3.795
B;Business;3Y;3 years;GBON;Government bonds;3;Three;2025-03-28;3.782
B;Business;3Y;3 years;GBON;Government bonds;3;Three;2025-03-31;3.767
B;Business;3Y;3 years;GBON;Government bonds;3;Three;2025-04-01;3.76
B;Business;3Y;3 years;GBON;Government bonds;3;Three;2025-04-02;3.789
B;Business;3Y;3 years;GBON;Government bonds;3;Three;2025-04-03;3.751
B;Business;3Y;3 years;GBON;Government bonds;3;Three;2025-04-04;3.614
B;Business;3Y;3 years;GBON;Government bonds;3;Three;2025-04-07;3.523
B;Business;3Y;3 years;GBON;Government bonds;3;Three;2025-04-08;3.603
B;Business;3Y;3 years;GBON;Government bonds;3;Three;2025-04-09;3.601
B;Business;3Y;3 years;GBON;Government bonds;3;Three;2025-04-10;3.667
B;Business;3Y;3 years;GBON;Government bonds;3;Three;2025-04-11;3.626
B;Business;3Y;3 years;GBON;Government bonds;3;Three;2025-04-14;3.624
B;Business;3Y;3 years;GBON;Government bonds;3;Three;2025-04-15;3.639
B;Business;3Y;3 years;GBON;Government bonds;3;Three;2025-04-16;3.618
B;Business;3Y;3 years;GBON;Government bonds;3;Three;2025-04-22;3.546
B;Business;3Y;3 years;GBON;Government bonds;3;Three;2025-04-23;3.592
B;Business;3Y;3 years;GBON;Government bonds;3;Three;2025-04-24;3.557
B;Business;3Y;3 years;GBON;Government bonds;3;Three;2025-04-25;3.614
B;Business;3Y;3 years;GBON;Government bonds;3;Three;2025-04-28;3.632
B;Business;3Y;3 years;GBON;Government bonds;3;Three;2025-04-29;3.592
B;Business;3Y;3 years;GBON;Government bonds;3;Three;2025-04-30;3.567
B;Business;3Y;3 years;GBON;Government bonds;3;Three;2025-05-02;3.579
B;Business;3Y;3 years;GBON;Government bonds;3;Three;2025-05-05;3.588
B;Business;3Y;3 years;GBON;Government bonds;3;Three;2025-05-06;3.591
B;Business;3Y;3 years;GBON;Government bonds;3;Three;2025-05-07;3.609
B;Business;3Y;3 years;GBON;Government bonds;3;Three;2025-05-08;3.621
B;Business;3Y;3 years;GBON;Government bonds;3;Three;2025-05-09;3.613
B;Business;3Y;3 years;GBON;Government bonds;3;Three;2025-05-12;3.697
B;Business;3Y;3 years;GBON;Government bonds;3;Three;2025-05-13;3.729
B;Business;3Y;3 years;GBON;Government bonds;3;Three;2025-05-14;3.759
B;Business;3Y;3 years;GBON;Government bonds;3;Three;2025-05-15;3.749
B;Business;3Y;3 years;GBON;Government bonds;3;Three;2025-05-16;3.777
B;Business;3Y;3 years;GBON;Government bonds;3;Three;2025-05-19;3.831
B;Business;3Y;3 years;GBON;Government bonds;3;Three;2025-05-20;3.797
B;Business;3Y;3 years;GBON;Government bonds;3;Three;2025-05-21;3.804
B;Business;3Y;3 years;GBON;Government bonds;3;Three;2025-05-22;3.792
B;Business;3Y;3 years;GBON;Government bonds;3;Three;2025-05-23;3.728
B;Business;3Y;3 years;GBON;Government bonds;3;Three;2025-05-26;3.728
B;Business;3Y;3 years;GBON;Government bonds;3;Three;2025-05-27;3.703
B;Business;3Y;3 years;GBON;Government bonds;3;Three;2025-05-28;3.698
B;Business;3Y;3 years;GBON;Government bonds;3;Three;2025-05-30;3.682
B;Business;3Y;3 years;GBON;Government bonds;3;Three;2025-06-02;3.735
B;Business;3Y;3 years;GBON;Government bonds;3;Three;2025-06-03;3.75
B;Business;3Y;3 years;GBON;Government bonds;3;Three;2025-06-04;3.767
B;Business;3Y;3 years;GBON;Government bonds;3;Three;2025-06-05;3.839
B;Business;3Y;3 years;GBON;Government bonds;3;Three;2025-06-06;3.86
B;Business;3Y;3 years;GBON;Government bonds;3;Three;2025-06-10;3.812
B;Business;3Y;3 years;GBON;Government bonds;3;Three;2025-06-11;3.794
B;Business;3Y;3 years;GBON;Government bonds;3;Three;2025-06-12;3.764
B;Business;3Y;3 years;GBON;Government bonds;3;Three;2025-06-13;3.805
B;Business;3Y;3 years;GBON;Government bonds;3;Three;2025-06-16;3.822
B;Business;3Y;3 years;GBON;Government bonds;3;Three;2025-06-17;3.79
B;Business;3Y;3 years;GBON;Government bonds;3;Three;2025-06-18;3.763
B;Business;3Y;3 years;GBON;Government bonds;3;Three;2025-06-19;3.597
B;Business;3Y;3 years;GBON;Government bonds;3;Three;2025-06-20;3.571
B;Business;3Y;3 years;GBON;Government bonds;3;Three;2025-06-23;3.606
B;Business;3Y;3 years;GBON;Government bonds;3;Three;2025-06-24;3.576
B;Business;3Y;3 years;GBON;Government bonds;3;Three;2025-06-25;3.55
B;Business;3Y;3 years;GBON;Government bonds;3;Three;2025-06-26;3.518
B;Business;3Y;3 years;GBON;Government bonds;3;Three;2025-06-27;3.519
B;Business;3Y;3 years;GBON;Government bonds;3;Three;2025-06-30;3.505
B;Business;3Y;3 years;GBON;Government bonds;3;Three;2025-07-01;3.485
B;Business;3Y;3 years;GBON;Government bonds;3;Three;2025-07-02;3.502
B;Business;3Y;3 years;GBON;Government bonds;3;Three;2025-07-03;3.492
B;Business;3Y;3 years;GBON;Government bonds;3;Three;2025-07-04;3.47
B;Business;3Y;3 years;GBON;Government bonds;3;Three;2025-07-07;3.505
B;Business;3Y;3 years;GBON;Government bonds;3;Three;2025-07-08;3.538
B;Business;3Y;3 years;GBON;Government bonds;3;Three;2025-07-09;3.563
B;Business;3Y;3 years;GBON;Government bonds;3;Three;2025-07-10;3.532
B;Business;3Y;3 years;GBON;Government bonds;3;Three;2025-07-11;3.525
B;Business;3Y;3 years;GBON;Government bonds;3;Three;2025-07-14;3.511
B;Business;3Y;3 years;GBON;Government bonds;3;Three;2025-07-15;3.501
B;Business;3Y;3 years;GBON;Government bonds;3;Three;2025-07-16;3.53
B;Business;3Y;3 years;GBON;Government bonds;3;Three;2025-07-17;3.574
B;Business;3Y;3 years;GBON;Government bonds;3;Three;2025-07-18;3.603
B;Business;3Y;3 years;GBON;Government bonds;3;Three;2025-07-21;3.581
B;Business;3Y;3 years;GBON;Government bonds;3;Three;2025-07-22;3.59
B;Business;3Y;3 years;GBON;Government bonds;3;Three;2025-07-23;3.572
B;Business;3Y;3 years;GBON;Government bonds;3;Three;2025-07-24;3.576
B;Business;3Y;3 years;GBON;Government bonds;3;Three;2025-07-25;3.606
B;Business;3Y;3 years;GBON;Government bonds;3;Three;2025-07-28;3.594
B;Business;3Y;3 years;GBON;Government bonds;3;Three;2025-07-29;3.611
B;Business;3Y;3 years;GBON;Government bonds;3;Three;2025-07-30;3.599
B;Business;3Y;3 years;GBON;Government bonds;3;Three;2025-07-31;3.583
B;Business;3Y;3 years;GBON;Government bonds;3;Three;2025-08-01;3.522
B;Business;3Y;3 years;GBON;Government bonds;3;Three;2025-08-04;3.502
B;Business;3Y;3 years;GBON;Government bonds;3;Three;2025-08-05;3.513
B;Business;3Y;3 years;GBON;Government bonds;3;Three;2025-08-06;3.507
B;Business;3Y;3 years;GBON;Government bonds;3;Three;2025-08-07;3.515
B;Business;3Y;3 years;GBON;Government bonds;3;Three;2025-08-08;3.506
B;Business;3Y;3 years;GBON;Government bonds;3;Three;2025-08-11;3.528
B;Business;3Y;3 years;GBON;Government bonds;3;Three;2025-08-12;3.511
B;Business;3Y;3 years;GBON;Government bonds;3;Three;2025-08-13;3.474
B;Business;3Y;3 years;GBON;Government bonds;3;Three;2025-08-14;3.491
B;Business;3Y;3 years;GBON;Government bonds;3;Three;2025-08-15;3.507
B;Business;3Y;3 years;GBON;Government bonds;3;Three;2025-08-18;3.524
B;Business;3Y;3 years;GBON;Government bonds;3;Three;2025-08-19;3.555
B;Business;3Y;3 years;GBON;Government bonds;3;Three;2025-08-20;3.542
B;Business;3Y;3 years;GBON;Government bonds;3;Three;2025-08-21;3.61
B;Business;3Y;3 years;GBON;Government bonds;3;Three;2025-08-22;3.649
B;Business;3Y;3 years;GBON;Government bonds;3;Three;2025-08-25;3.638
B;Business;3Y;3 years;GBON;Government bonds;3;Three;2025-08-26;3.636
B;Business;3Y;3 years;GBON;Government bonds;3;Three;2025-08-27;3.645
B;Business;3Y;3 years;GBON;Government bonds;3;Three;2025-08-28;3.63
B;Business;3Y;3 years;GBON;Government bonds;3;Three;2025-08-29;3.623
B;Business;3Y;3 years;GBON;Government bonds;3;Three;2025-09-01;3.639
B;Business;3Y;3 years;GBON;Government bonds;3;Three;2025-09-02;3.672
B;Business;3Y;3 years;GBON;Government bonds;3;Three;2025-09-03;3.672
B;Business;3Y;3 years;GBON;Government bonds;3;Three;2025-09-04;3.654
B;Business;3Y;3 years;GBON;Government bonds;3;Three;2025-09-05;3.601
B;Business;3Y;3 years;GBON;Government bonds;3;Three;2025-09-08;3.563
B;Business;3Y;3 years;GBON;Government bonds;3;Three;2025-09-09;3.569
B;Business;3Y;3 years;GBON;Government bonds;3;Three;2025-09-10;3.635
B;Business;3Y;3 years;GBON;Government bonds;3;Three;2025-09-11;3.699
B;Business;3Y;3 years;GBON;Government bonds;3;Three;2025-09-12;3.754
B;Business;3Y;3 years;GBON;Government bonds;3;Three;2025-09-15;3.743
B;Business;3Y;3 years;GBON;Government bonds;3;Three;2025-09-16;3.762
B;Business;3Y;3 years;GBON;Government bonds;3;Three;2025-09-17;3.753
B;Business;3Y;3 years;GBON;Government bonds;3;Three;2025-09-18;3.85
B;Business;3Y;3 years;GBON;Government bonds;3;Three;2025-09-19;3.879
B;Business;3Y;3 years;GBON;Government bonds;3;Three;2025-09-22;3.849
B;Business;3Y;3 years;GBON;Government bonds;3;Three;2025-09-23;3.828
B;Business;3Y;3 years;GBON;Government bonds;3;Three;2025-09-24;3.806
B;Business;3Y;3 years;GBON;Government bonds;3;Three;2025-09-25;3.825
B;Business;3Y;3 years;GBON;Government bonds;3;Three;2025-09-26;3.846
B;Business;3Y;3 years;GBON;Government bonds;3;Three;2025-09-29;3.854
B;Business;3Y;3 years;GBON;Government bonds;3;Three;2025-09-30;3.845
B;Business;3Y;3 years;GBON;Government bonds;3;Three;2025-10-01;3.815
B;Business;3Y;3 years;GBON;Government bonds;3;Three;2025-10-02;3.823
B;Business;3Y;3 years;GBON;Government bonds;3;Three;2025-10-03;3.816
B;Business;3Y;3 years;GBON;Government bonds;3;Three;2025-10-06;3.84
B;Business;3Y;3 years;GBON;Government bonds;3;Three;2025-10-07;3.844
B;Business;3Y;3 years;GBON;Government bonds;3;Three;2025-10-08;3.815
B;Business;3Y;3 years;GBON;Government bonds;3;Three;2025-10-09;3.856
B;Business;3Y;3 years;GBON;Government bonds;3;Three;2025-10-10;3.814
B;Business;3Y;3 years;GBON;Government bonds;3;Three;2025-10-13;3.812
B;Business;3Y;3 years;GBON;Government bonds;3;Three;2025-10-14;3.805
B;Business;3Y;3 years;GBON;Government bonds;3;Three;2025-10-15;3.805
B;Business;3Y;3 years;GBON;Government bonds;3;Three;2025-10-16;3.811
B;Business;3Y;3 years;GBON;Government bonds;3;Three;2025-10-17;3.81
B;Business;3Y;3 years;GBON;Government bonds;3;Three;2025-10-20;3.806
B;Business;3Y;3 years;GBON;Government bonds;3;Three;2025-10-21;3.788
B;Business;3Y;3 years;GBON;Government bonds;3;Three;2025-10-22;3.786
B;Business;3Y;3 years;GBON;Government bonds;3;Three;2025-10-23;3.785
B;Business;3Y;3 years;GBON;Government bonds;3;Three;2025-10-24;3.798
B;Business;3Y;3 years;GBON;Government bonds;3;Three;2025-10-27;3.819
B;Business;3Y;3 years;GBON;Government bonds;3;Three;2025-10-28;3.824
B;Business;3Y;3 years;GBON;Government bonds;3;Three;2025-10-29;3.806
B;Business;3Y;3 years;GBON;Government bonds;3;Three;2025-10-30;3.829
B;Business;3Y;3 years;GBON;Government bonds;3;Three;2025-10-31;3.803
B;Business;3Y;3 years;GBON;Government bonds;3;Three;2025-11-03;3.809
B;Business;3Y;3 years;GBON;Government bonds;3;Three;2025-11-04;3.8
B;Business;3Y;3 years;GBON;Government bonds;3;Three;2025-11-05;3.793
B;Business;3Y;3 years;GBON;Government bonds;3;Three;2025-11-06;3.817
B;Business;3Y;3 years;GBON;Government bonds;3;Three;2025-11-07;3.839
B;Business;3Y;3 years;GBON;Government bonds;3;Three;2025-11-10;3.901
B;Business;3Y;3 years;GBON;Government bonds;3;Three;2025-11-11;3.89
B;Business;3Y;3 years;GBON;Government bonds;3;Three;2025-11-12;3.879
B;Business;3Y;3 years;GBON;Government bonds;3;Three;2025-11-13;3.878
B;Business;3Y;3 years;GBON;Government bonds;3;Three;2025-11-14;3.86
B;Business;3Y;3 years;GBON;Government bonds;3;Three;2025-11-17;3.864
B;Business;3Y;3 years;GBON;Government bonds;3;Three;2025-11-18;3.844
B;Business;3Y;3 years;GBON;Government bonds;3;Three;2025-11-19;3.839
B;Business;3Y;3 years;GBON;Government bonds;3;Three;2025-11-20;3.843
B;Business;3Y;3 years;GBON;Government bonds;3;Three;2025-11-21;3.811
B;Business;3Y;3 years;GBON;Government bonds;3;Three;2025-11-24;3.815
B;Business;3Y;3 years;GBON;Government bonds;3;Three;2025-11-25;3.803
B;Business;3Y;3 years;GBON;Government bonds;3;Three;2025-11-26;3.778
B;Business;3Y;3 years;GBON;Government bonds;3;Three;2025-11-27;3.802
B;Business;3Y;3 years;GBON;Government bonds;3;Three;2025-11-28;3.8
B;Business;3Y;3 years;GBON;Government bonds;3;Three;2025-12-01;3.836
B;Business;3Y;3 years;GBON;Government bonds;3;Three;2025-12-02;3.868
B;Business;3Y;3 years;GBON;Government bonds;3;Three;2025-12-03;3.875
B;Business;3Y;3 years;GBON;Government bonds;3;Three;2025-12-04;3.874
B;Business;3Y;3 years;GBON;Government bonds;3;Three;2025-12-05;3.874
B;Business;3Y;3 years;GBON;Government bonds;3;Three;2025-12-08;3.909
B;Business;3Y;3 years;GBON;Government bonds;3;Three;2025-12-09;3.929
B;Business;3Y;3 years;GBON;Government bonds;3;Three;2025-12-10;3.971
B;Business;3Y;3 years;GBON;Government bonds;3;Three;2025-12-11;3.922
B;Business;3Y;3 years;GBON;Government bonds;3;Three;2025-12-12;3.913
B;Business;3Y;3 years;GBON;Government bonds;3;Three;2025-12-15;3.898
B;Business;3Y;3 years;GBON;Government bonds;3;Three;2025-12-16;3.866
B;Business;3Y;3 years;GBON;Government bonds;3;Three;2025-12-17;3.847
B;Business;3Y;3 years;GBON;Government bonds;3;Three;2025-12-18;3.87
B;Business;3Y;3 years;GBON;Government bonds;3;Three;2025-12-19;3.874
B;Business;3Y;3 years;GBON;Government bonds;3;Three;2025-12-22;3.885
B;Business;3Y;3 years;GBON;Government bonds;3;Three;2025-12-23;3.882
B;Business;3Y;3 years;GBON;Government bonds;3;Three;2025-12-29;3.867
B;Business;3Y;3 years;GBON;Government bonds;3;Three;2025-12-30;3.884
B;Business;3Y;3 years;GBON;Government bonds;3;Three;2026-01-02;3.887
B;Business;3Y;3 years;GBON;Government bonds;3;Three;2026-01-05;3.878
B;Business;3Y;3 years;GBON;Government bonds;3;Three;2026-01-06;3.89
B;Business;3Y;3 years;GBON;Government bonds;3;Three;2026-01-07;3.868
B;Business;3Y;3 years;GBON;Government bonds;3;Three;2026-01-08;3.857
B;Business;3Y;3 years;GBON;Government bonds;3;Three;2026-01-09;3.895
B;Business;3Y;3 years;GBON;Government bonds;3;Three;2026-01-12;3.907
B;Business;3Y;3 years;GBON;Government bonds;3;Three;2026-01-13;3.926
B;Business;3Y;3 years;GBON;Government bonds;3;Three;2026-01-14;3.937
B;Business;3Y;3 years;GBON;Government bonds;3;Three;2026-01-15;3.901
B;Business;3Y;3 years;GBON;Government bonds;3;Three;2026-01-16;3.938
B;Business;3Y;3 years;GBON;Government bonds;3;Three;2026-01-19;3.912
B;Business;3Y;3 years;GBON;Government bonds;3;Three;2026-01-20;3.906
B;Business;3Y;3 years;GBON;Government bonds;3;Three;2026-01-21;3.895
B;Business;3Y;3 years;GBON;Government bonds;3;Three;2026-01-22;3.912
B;Business;3Y;3 years;GBON;Government bonds;3;Three;2026-01-23;3.931
B;Business;3Y;3 years;GBON;Government bonds;3;Three;2026-01-26;3.919
B;Business;3Y;3 years;GBON;Government bonds;3;Three;2026-01-27;3.923
B;Business;3Y;3 years;GBON;Government bonds;3;Three;2026-01-28;3.903
B;Business;3Y;3 years;GBON;Government bonds;3;Three;2026-01-29;3.919
B;Business;3Y;3 years;GBON;Government bonds;3;Three;2026-01-30;3.922
B;Business;3Y;3 years;GBON;Government bonds;3;Three;2026-02-02;3.93
B;Business;3Y;3 years;GBON;Government bonds;3;Three;2026-02-03;3.956
B;Business;3Y;3 years;GBON;Government bonds;3;Three;2026-02-04;3.928
B;Business;3Y;3 years;GBON;Government bonds;3;Three;2026-02-05;3.922
B;Business;3Y;3 years;GBON;Government bonds;3;Three;2026-02-06;3.945
B;Business;3Y;3 years;GBON;Government bonds;3;Three;2026-02-09;3.964
B;Business;3Y;3 years;GBON;Government bonds;3;Three;2026-02-10;4.171
B;Business;3Y;3 years;GBON;Government bonds;3;Three;2026-02-11;4.181
B;Business;3Y;3 years;GBON;Government bonds;3;Three;2026-02-12;4.142
B;Business;3Y;3 years;GBON;Government bonds;3;Three;2026-02-13;4.107
B;Business;3Y;3 years;GBON;Government bonds;3;Three;2026-02-16;4.095
B;Business;3Y;3 years;GBON;Government bonds;3;Three;2026-02-17;4.04
B;Business;3Y;3 years;GBON;Government bonds;3;Three;2026-02-18;4.029
B;Business;3Y;3 years;GBON;Government bonds;3;Three;2026-02-19;4.033
B;Business;3Y;3 years;GBON;Government bonds;3;Three;2026-02-20;4.017
B;Business;3Y;3 years;GBON;Government bonds;3;Three;2026-02-23;4.013
B;Business;3Y;3 years;GBON;Government bonds;3;Three;2026-02-24;3.991
B;Business;3Y;3 years;GBON;Government bonds;3;Three;2026-02-25;4.001
B;Business;3Y;3 years;GBON;Government bonds;3;Three;2026-02-26;4.022
B;Business;3Y;3 years;GBON;Government bonds;3;Three;2026-02-27;3.993
B;Business;3Y;3 years;GBON;Government bonds;3;Three;2026-03-02;4.055
B;Business;3Y;3 years;GBON;Government bonds;3;Three;2026-03-03;4.135
B;Business;3Y;3 years;GBON;Government bonds;3;Three;2026-03-04;4.104
B;Business;3Y;3 years;GBON;Government bonds;3;Three;2026-03-05;4.149
B;Business;3Y;3 years;GBON;Government bonds;3;Three;2026-03-06;4.229
B;Business;3Y;3 years;GBON;Government bonds;3;Three;2026-03-09;4.229
B;Business;3Y;3 years;GBON;Government bonds;3;Three;2026-03-10;4.14
B;Business;3Y;3 years;GBON;Government bonds;3;Three;2026-03-11;4.172
B;Business;3Y;3 years;GBON;Government bonds;3;Three;2026-03-12;4.194
B;Business;3Y;3 years;GBON;Government bonds;3;Three;2026-03-13;4.202
B;Business;3Y;3 years;GBON;Government bonds;3;Three;2026-03-16;4.241
B;Business;3Y;3 years;GBON;Government bonds;3;Three;2026-03-17;4.28
B;Business;3Y;3 years;GBON;Government bonds;3;Three;2026-03-18;4.332
B;Business;3Y;3 years;GBON;Government bonds;3;Three;2026-03-19;4.383
B;Business;3Y;3 years;GBON;Government bonds;3;Three;2026-03-20;4.5
B;Business;3Y;3 years;GBON;Government bonds;3;Three;2026-03-23;4.401
B;Business;3Y;3 years;GBON;Government bonds;3;Three;2026-03-24;4.445
B;Business;3Y;3 years;GBON;Government bonds;3;Three;2026-03-25;4.435
B;Business;3Y;3 years;GBON;Government bonds;3;Three;2026-03-26;4.547
B;Business;3Y;3 years;GBON;Government bonds;3;Three;2026-03-27;4.568
B;Business;3Y;3 years;GBON;Government bonds;3;Three;2026-03-30;4.51
B;Business;3Y;3 years;GBON;Government bonds;3;Three;2026-03-31;4.453
B;Business;3Y;3 years;GBON;Government bonds;3;Three;2026-04-01;4.423
B;Business;3Y;3 years;GBON;Government bonds;3;Three;2026-04-07;4.535
B;Business;3Y;3 years;GBON;Government bonds;3;Three;2026-04-08;4.373
B;Business;3Y;3 years;GBON;Government bonds;3;Three;2026-04-09;4.442
B;Business;3Y;3 years;GBON;Government bonds;3;Three;2026-04-10;4.458
B;Business;3Y;3 years;GBON;Government bonds;3;Three;2026-04-13;4.486
B;Business;3Y;3 years;GBON;Government bonds;3;Three;2026-04-14;4.469
B;Business;3Y;3 years;GBON;Government bonds;3;Three;2026-04-15;4.446
B;Business;3Y;3 years;GBON;Government bonds;3;Three;2026-04-16;4.433
B;Business;3Y;3 years;GBON;Government bonds;3;Three;2026-04-17;4.353
B;Business;3Y;3 years;GBON;Government bonds;3;Three;2026-04-20;4.37
B;Business;3Y;3 years;GBON;Government bonds;3;Three;2026-04-21;4.39
B;Business;3Y;3 years;GBON;Government bonds;3;Three;2026-04-22;4.444
B;Business;3Y;3 years;GBON;Government bonds;3;Three;2026-04-23;4.481
B;Business;3Y;3 years;GBON;Government bonds;3;Three;2026-04-24;4.497
B;Business;3Y;3 years;GBON;Government bonds;3;Three;2026-04-27;4.48
B;Business;3Y;3 years;GBON;Government bonds;3;Three;2026-04-28;4.535
B;Business;3Y;3 years;GBON;Government bonds;3;Three;2026-04-29;4.603
B;Business;3Y;3 years;GBON;Government bonds;3;Three;2026-04-30;4.572
B;Business;3Y;3 years;GBON;Government bonds;3;Three;2026-05-04;4.604
B;Business;3Y;3 years;GBON;Government bonds;3;Three;2026-05-05;4.636
B;Business;3Y;3 years;GBON;Government bonds;3;Three;2026-05-06;4.56
B;Business;3Y;3 years;GBON;Government bonds;3;Three;2026-05-07;4.493
B;Business;3Y;3 years;GBON;Government bonds;3;Three;2026-05-08;4.509
B;Business;3Y;3 years;GBON;Government bonds;3;Three;2026-05-11;4.571
B;Business;3Y;3 years;GBON;Government bonds;3;Three;2026-05-12;4.661
B;Business;3Y;3 years;GBON;Government bonds;3;Three;2026-05-13;4.664
B;Business;3Y;3 years;GBON;Government bonds;3;Three;2026-05-15;4.702
B;Business;3Y;3 years;GBON;Government bonds;3;Three;2026-05-18;4.685
B;Business;3Y;3 years;GBON;Government bonds;3;Three;2026-05-19;4.721
B;Business;3Y;3 years;GBON;Government bonds;3;Three;2026-05-20;4.684
B;Business;3Y;3 years;GBON;Government bonds;3;Three;2026-05-21;4.667
B;Business;3Y;3 years;GBON;Government bonds;3;Three;2026-05-22;4.609
B;Business;3Y;3 years;GBON;Government bonds;3;Three;2026-05-26;4.541
B;Business;3Y;3 years;GBON;Government bonds;3;Three;2026-05-27;4.506
B;Business;3Y;3 years;GBON;Government bonds;3;Three;2026-05-28;4.537
B;Business;3Y;3 years;GBON;Government bonds;3;Three;2026-05-29;4.492
B;Business;3Y;3 years;GBON;Government bonds;3;Three;2026-06-01;4.556
B;Business;3Y;3 years;GBON;Government bonds;3;Three;2026-06-02;4.516
B;Business;3Y;3 years;GBON;Government bonds;3;Three;2026-06-03;4.543
B;Business;3Y;3 years;GBON;Government bonds;3;Three;2026-06-04;4.534
B;Business;3Y;3 years;GBON;Government bonds;3;Three;2026-06-05;4.549
B;Business;3Y;3 years;GBON;Government bonds;3;Three;2026-06-08;4.544
B;Business;3Y;3 years;GBON;Government bonds;3;Three;2026-06-09;4.53
B;Business;3Y;3 years;GBON;Government bonds;3;Three;2026-06-10;4.569
B;Business;3Y;3 years;GBON;Government bonds;3;Three;2026-06-11;4.52
B;Business;3Y;3 years;GBON;Government bonds;3;Three;2026-06-12;4.484
B;Business;3Y;3 years;GBON;Government bonds;3;Three;2026-06-15;4.411
B;Business;3Y;3 years;GBON;Government bonds;3;Three;2026-06-16;4.437
B;Business;3Y;3 years;GBON;Government bonds;3;Three;2026-06-17;4.468
B;Business;3Y;3 years;GBON;Government bonds;3;Three;2026-06-18;4.502
B;Business;3Y;3 years;GBON;Government bonds;3;Three;2026-06-19;4.551
B;Business;3Y;3 years;GBON;Government bonds;3;Three;2026-06-22;4.53
B;Business;3Y;3 years;GBON;Government bonds;3;Three;2026-06-23;4.491
B;Business;3Y;3 years;GBON;Government bonds;3;Three;2026-06-24;4.446
B;Business;3Y;3 years;GBON;Government bonds;3;Three;2026-06-25;4.437
B;Business;3Y;3 years;GBON;Government bonds;3;Three;2026-06-26;4.412
B;Business;3Y;3 years;GBON;Government bonds;3;Three;2026-06-29;4.418
B;Business;3Y;3 years;GBON;Government bonds;3;Three;2026-06-30;4.435
B;Business;3Y;3 years;GBON;Government bonds;3;Three;2026-07-01;4.464
B;Business;3Y;3 years;GBON;Government bonds;3;Three;2026-07-02;4.473
B;Business;3Y;3 years;GBON;Government bonds;3;Three;2026-07-03;4.47
B;Business;3Y;3 years;GBON;Government bonds;3;Three;2026-07-06;4.441
B;Business;3Y;3 years;GBON;Government bonds;3;Three;2026-07-07;4.469
B;Business;3Y;3 years;GBON;Government bonds;3;Three;2026-07-08;4.536
B;Business;3Y;3 years;GBON;Government bonds;3;Three;2026-07-09;4.53
B;Business;3Y;3 years;GBON;Government bonds;3;Three;2026-07-10;4.446
B;Business;3Y;3 years;GBON;Government bonds;3;Three;2026-07-13;4.432
B;Business;3Y;3 years;GBON;Government bonds;3;Three;2026-07-14;4.513
B;Business;3Y;3 years;GBON;Government bonds;3;Three;2026-07-15;4.484
B;Business;3Y;3 years;GBON;Government bonds;3;Three;2026-07-16;4.491
B;Business;3Y;3 years;GBON;Government bonds;3;Three;2026-07-17;4.461
B;Business;3Y;3 years;GBON;Government bonds;3;Three;2026-07-20;4.493
B;Business;3Y;3 years;GBON;Government bonds;3;Three;2026-07-21;4.526
B;Business;3Y;3 years;GBON;Government bonds;3;Three;2026-07-22;4.547
B;Business;3Y;3 years;GBON;Government bonds;3;Three;2026-07-23;4.598
B;Business;3Y;3 years;GBON;Government bonds;3;Three;2026-07-24;4.596
B;Business;3Y;3 years;GBON;Government bonds;3;Three;2026-07-27;4.543
B;Business;3Y;3 years;GBON;Government bonds;3;Three;2026-07-28;4.529
B;Business;3Y;3 years;GBON;Government bonds;3;Three;2026-07-29;4.563
B;Business;3Y;3 years;GBON;Government bonds;3;Three;2026-07-30;4.581
B;Business;3Y;3 years;GBON;Government bonds;3;Three;2026-07-31;4.633
B;Business;3Y;3 years;GBON;Government bonds;3;Three;2026-08-03;4.577
B;Business;3Y;3 years;GBON;Government bonds;3;Three;2026-08-04;4.535
B;Business;3Y;3 years;GBON;Government bonds;3;Three;2026-08-05;4.526
B;Business;3Y;3 years;GBON;Government bonds;3;Three;2026-08-06;4.515
B;Business;3Y;3 years;GBON;Government bonds;3;Three;2026-08-07;4.498
B;Business;3Y;3 years;GBON;Government bonds;3;Three;2026-08-10;4.482
B;Business;3Y;3 years;GBON;Government bonds;3;Three;2026-08-11;4.456
B;Business;3Y;3 years;GBON;Government bonds;3;Three;2026-08-12;4.447
B;Business;3Y;3 years;GBON;Government bonds;3;Three;2026-08-13;4.406
B;Business;3Y;3 years;GBON;Government bonds;3;Three;2026-08-14;4.453
B;Business;3Y;3 years;GBON;Government bonds;3;Three;2026-08-17;4.465
B;Business;3Y;3 years;GBON;Government bonds;3;Three;2026-08-18;4.528
B;Business;3Y;3 years;GBON;Government bonds;3;Three;2026-08-19;4.513
B;Business;3Y;3 years;GBON;Government bonds;3;Three;2026-08-20;4.483
B;Business;3Y;3 years;GBON;Government bonds;3;Three;2026-08-21;4.457
B;Business;3Y;3 years;GBON;Government bonds;3;Three;2026-08-24;4.49
B;Business;3Y;3 years;GBON;Government bonds;3;Three;2026-08-25;4.466
B;Business;3Y;3 years;GBON;Government bonds;3;Three;2026-08-26;4.464
B;Business;3Y;3 years;GBON;Government bonds;3;Three;2026-08-27;4.487
B;Business;3Y;3 years;GBON;Government bonds;3;Three;2026-08-28;4.514
B;Business;3Y;3 years;GBON;Government bonds;3;Three;2026-08-31;4.561
B;Business;3Y;3 years;GBON;Government bonds;3;Three;2026-09-01;4.577
B;Business;3Y;3 years;GBON;Government bonds;3;Three;2026-09-02;4.605
B;Business;3Y;3 years;GBON;Government bonds;3;Three;2026-09-03;4.56
B;Business;3Y;3 years;GBON;Government bonds;3;Three;2026-09-04;4.559
B;Business;3Y;3 years;GBON;Government bonds;3;Three;2026-09-07;4.579
B;Business;3Y;3 years;GBON;Government bonds;3;Three;2026-09-08;4.589
